6aaaero10aaaeroconf4aasu2ab6abbott7abbrevi4abil3abl5ablat13ablatedlength5about4abov9abovement7abraham10abramsonhn6abrupt8abruptli6absenc6absent7absolut6absorb7absorpt8abstract10abundantli2ac6academ7acceler11acceleromet7accentu6accept6access8accident8accommod9accompani10accomplish6accord11accordingli7account5accru7accumul5accur8accuraci4acet6achiev7ackeret6acoust6acquir8acquisit3acr9acrodynam6across19acrothermochemistri15acrothermoelast3act6action5activ6actual5actur2ad4adam7adamsew7adamsgj7adamsmc9adamsontc5adapt3add8addendum5addit5adequ8adequaci5adesc7adiabat5adjac19adjacentequilibrium6adjoin7adjoint6adjust9administr6admiss5admit8admixtur5adopt7adsorpt6advanc8advantag6advent6advers8advisori5advoc2ae3aec9aeolotrop8aerelast7aerfoil6aerial4aero11aeroballist13aerocosmonaut9aerodynam12aerodynamich14aerodynamicist14aerodynamieist9aeroelast14aeroelastician10aeroengrev8aerofoil8aeronaut11aeronautiqu8aeroplan9aeroquart5aeror8aerospac9aerotherm14aerothermochem15aerothermodynam15aerothermoelast4aesc2af6affect5affin6affirm6afford5afftc9aforement4afra6afresh3aft5after9afterbodi9afterburn9afterflow2ag5again7against5agard5agenc3ago5agraw4agre9agreement2ah5ahead4aiaa3aid7ailcron7aileron3aim3air7airborn8aircraft11aircrafttyp7airflow7airfoil7airforc7airfram5airit6airlin7airload7airplan8airscrew6airspe9airstream2aj4akin2al4alan6alfven7algebra9algrantij5align5alksn7allcock5allen7allenhj6allevi6allmov5alloi5allow8allround5allud5almen7almenjo6almost7almroth9almrothbo4alon5along7alreadi4also5alter6altern8although7altitud8altogeth9aluminium8aluminum13aluminumalloi5alwai2am7ambient6ambigu6ambrit8ambritir9ambrosioa4amen4amer7america8american5amick7amickjl4amie8ammonium3amo5among7amongst6amount4ampl5ampli6amplif7amplifi8amplitud3amr6analog7analogu6analys7analysi6analyt9analytici6analyz11anastasiorf12andabrespect8anderson9andersong9andersonk9andersonm10andersonrg6andhow7andland5andor6andrew9andrewsdr8anemomet5angel4angl7angleof7angular9angularli3anh6anhedr9anisotrop10anisotropi3ann5annex5anniv7announc6annual5annul7annular6annulu6anomal7anomali5anoth4anov6answer7anthoni4anti9antielast11antisymmetr7antonio6anywai2ao5apart5apelt4apex5apoge3app5appar8apparatu12apparentmass6appear6append8appendic8appendix4appl5appli6applic7appmech7apprais8appraoch7appreci8approach8appropri6approx8approxim6appscr5april7apropri6aquart2ar3ara9arbitrari11arbitrarili5arbor3arc4arch4ardc4area4aren5argon4argu8argument3ari4aris6arisen8arithmet3arm8armenaka10armenakasa9armstrong8arnoldrn6around6arrang6arrest8arrheniu5arriv5arrow4arsj6arsjnl3art6articl7artific8artifici3asc6ascend9ascertain6ascrib7ashleyh9ashwelldg4asid9asimplifi3ask3asm8asmetran6aspect11aspectratio7assembl6assert6assess6assign6assist5assoc6associ6assort5assum7assumpt5assur5astro9astronaut8astrophi9astrophys8asymmetr9asymmetri8asymptot2at9atabeckbh6atlarg3atm9atmospher4atom8atospher6attach6attack6attain8attaindd7attempt5atten6attend6attent6attenu7attitud7attract8attribut5audio7augment6august5aural6auspic6author10autocorrel7automat9auxiliari5avail5avalu4avco5avenu6averag5aviat5avoid4avov4avro4awai2ax3axi5axial14axiallysymmetr11axialthrust10axisymmetr3axx5ayrer7azimuth1b4back10background6backup8backward6baglei8bagleyja3bai7bakanov7bakereg6bakerj6balanc7ballist5balsa3ban4band9bandwidth4bang4bank3bar6barber4bare8barmbyjg7baronjr6barrel7barrier7barryfw8bartleer4base7basetyp4basi5basic5basin9batchelor7batdorf9batdorfsb9baughmanl4baum6baumgm2bc2be4beam4bean7beanebj4bear9beasleyja4beat5becam6becaus11becausewith7beckerh7beckett9beckwithi5becom3bed7bedford5befor3beg5began5begin5begun5behav8behavior16behaviorccontrol9behaviour6behind6belief6believ4bell8bellevil8bellmanr7belltyp6belong15belotserkovskii5below4belt4bend7bendict11bendingtors7beneath8benefici7benefit8benjamin10benjaminrj9bennettfd9bennettfv6benser4bent6benton7beograd3ber8bergdolt9bergdoltv6berger5bergl10bergmannhw8berlotrr7bernard6berndt7bernerf9bernoulli10bernsteinl5berri7berrycj7berryjg9berthelot7bertram9bertrammh6beskin6bessel4best5bestd4beta7bethpag6better7between5bevel6beyond7beyween2bh12bibliographi8biconvex6bifurc8biharmon10bijlaardpp6billow7bimetal11bimolecular6binari4biot6biotma10birchallpc6birdga6birdjd8birnbaum8bisector14bisplinghoffrl2bj8blackiej12blackstockta5blade7blandsr6blasiu5blast5bleed6bleich5blend5bless5block7blockag5bloom7bloommh4blow8blowdown5blown7blowout8bloxsond4blue5bluff6bluish8blumercb5blunt7blunter8bluntnos10blunttrail2bo5board4boat8boattail9bobbittpj4bodi6bodner8bodnersr4bodt9bogdonoff11bogdonoffsm7bohonhk7bohonhl7boiloff8boisonjc9bolshakov9boltzmann5bolzr4bomb6bomber4bond6bondac5bondr4bonu4book4boom5boost7booster9borcheref4bore4born6bornel4both6bottom7bounari5bound8boundari11boundarylay8boundwel5bourn7bourned3bow3box7boxallg6boydja6boyerd9bracalent7bracket4brai5brake6branch9branchlin11brandmaierh7braslow5brass5bratt12braunschweig7breadth5break9breakdown6breath7brebner9brebnergg7breguet10brenckmanm8bressett9brevoortm5bridg5brief7briefli6bright5bring7bristol7british11britjappphi9brittonjw5broad11broadbenteg7broaden10broadwellj5broke6broken7brommaf8brooklyn7brother7brought8browerwb5brown6brownc8browneka7brownga7brownwd7bruchdo5brush7bryantc8bryantwt7bryceww7bryerdw7brysona3bsc3btu5btulb5bubbl5buckl9budianski10budianskyb7buffalo6buffet5build5built7builtup6bulent4bulg4bulk8bulkhead8bullenni6bullet4bump7buoyanc7buoyant6bureau6burger9burgrafor4buri4burk4burn5burst8burtonra8busemann6bushwb6butler4buzz6bypass6bystep1c2ca5cabin3cal8calcualt6calcul7calculu5calib6calibr5calif10california4call10callaghane10callahancj5calor3cam6camacm4camb6camber8cambridg6camera7campbel10campbellij10campbellwf7camphil3can6canada6canard6cancel6cannot4cant8cantilev3cap6capabl5capac7capacit8capiauxr9capillari6caplan7caplanc6capsul7caravel6carbid6carbon11carborundum9carderock6cardmf8cardullo4care9carefulli5caret9carlsonhw5carri7carrier9carriergf8carrosrj6carter8carterwj9cartesian8casaccio6cascad4case4cast11castigliano8castileg8castolit7catalyt8categori5cater10catheralld6cathod6cauchi4caus7caution5cavit6caviti2ce4ceas4cell8cellular8cellulos4cent7centaur6center9centerbut9centerlin8centerof9centigrad5centr7central9centrelin9centrifug9centripet8centroid7certain9certainli9certainti6ceuler2cf2cg5chain5chalr7chamber9chambrepl5chang7changal7changcc7changcr7channel7channkk4chap6chapki9chapkisrl7chapman8chapmand9chapmandr7chapter7charact9character12characterist13characteristi10charczenko5charg5charl5chart7charter9chartsfig9charwataf5chase11chaudhurypr5check6chemic10chemisorpt9chemistri6chencf5cheng7chenghk7chengkh8chengsin7chernyi9chernyigg6cheski7chester5chief7chiefli5chien5child9chilverah5china8chinitzw9chinnecka7chlorid5choic5choke8choleski5choos5chord8chordwis6chosen6chouyt4chow11chrichlowwj12christiaensj9christian3chu5chuck6chuwen5chuwh5circl7circuit9circuitri6circul8circular15circularcylindr11circulatori9circumfer13circumferenti11circumlunar11circumscrib8circumst4cite4citi5civil2cj2ck2cl4clai5claim5clamp8clamshel7clarifi5clark8clarkejf8clarkejh6clarkm7clarkra8clarkson10clarksonbl5class7classic7classif8classifi14classificaiton5claus9clauserfh6claywg5clean5clear8clearanc7clearli9cleveland5climb6climin7clinton12clippingerrf5close10closedform6closer7closest6closur5cloud8clouston7clutter2cm2co3coa7coalesc5coars5coast4coat7coaxial4code5coecf8coeffici9coefstant7cohencb6cohend7cohennb5coher7coincid4cold6colder4cole6colejd8colemanw6colesd7coleswd8collabor7collaps7collect6colleg6collis6colloc6colour7colston10coltranelc6column12columnmateri6combin7combust11combustionh6combut4come4comm7command7commenc7comment8commerci8committe6common8commonli6commun4comp7compact7compani9companion6compar10comparison6compat7compens6compet8competit6compil10complement13complementari7complet7complex7complic13complimentari6compon6compos8composit8compound10comprehens8compress16compressibleflow11compression10compressor15compressorsdash7compris9compromis6comput3con6concav7conceiv8concentr7concept8conceptu7concern6concis7conclud7conclus7concoct7concret6concur7concurr7condamp7condens6condit7conduct17conductioncontrol16conductionexpans9conductor4cone10conecylind4conf6confid8configur6confin7confirm8conflict9confluent7conform18conformaltransform6confus4cong5congr8congress5conic11conicaldash6conidt9conjectur8conjunct7connect9connexion8connorrw8conpress7consequ7conserv6consid8consider7consier7consist8consolid5const8constanc8constant12constantdens16constantinescuvn11constantino10constantli16constantproperti13constantsthei8constitu9constitut9constrain10constraint9construct7consult8consumpt7contact7contain8contamin8contempl7content7context7continu9continuum7contirj7contour8contract10contradict8contrari8contrast9contribut7control11controversi7convair7convect7conveni7convent7converg16convergentdiverg7convers7convert6convex7convict8convolut7conwayd8conwayhd4cook7cookejc5cookg6cookit7cooksei4cool7coolant6cooler6cooper7cooperr7coordin4cope6copper4core6cornel6corner9corollari4corp6corpor11corpuscular7correct9correctli6correl11correlogram10correspond15correspondingli8corridor8corrobor6corrug11cortrightem5cosin9cosmonaut4cost6couett5could7coulomb7council8coundari5count7counter10counteract15counterclockwis11counterpart7countri5coupl6coupon5cours5cover7coverag9cowdreycf4cowl2cp7crabtre10crabtreelf5crack5craft8cramerkr7crandal5crane6cranej9cranfield5crank6crankj8cravenah10crawforddh9creagermo5creas5creat5creep10creepbuckl8crescirj5crest4crew7crewepr8crinolin8criteria9criterion6critic6crocco7croccol5crook4crop5cross11crosscorrel9crossflow9crosssect7crucial9cruciform5cruis5crush2cs7csanadi8cubbison5cubic7culebra7culickf9culickfec11cumberbatch9cumbersom9cummingrw5cumul10cunningham11cunninghamb12cunninghamjh3cup4cure4curl6curlen8curranjk7current8curriemm7curtain5curti4curv8curvatur11curvilinear7cushion4cusp4cuss9customari3cut6cutoff6cutout2cw2cx4cycl9cyclessec6cyclic6cylind8cylinder17cylinderhemispher7cylindr1d2da3dai8daiberjw5dalei6dalton5damag4damp8dampomet4dana4dand6danger4dash6dashin5dashn6dashth8dashthat4data4date9daughadai4davi5david7daviesd8daviesdr7davisah6daytim2db4dcae2de4dead4deal5dealt4dean5debat4deby3dec5decad5decai7deceler6decemb5decid9decidedli5decim5decis10declassifi6declin8decompos10decomposit7decreas9decrement5deduc6deduct3dee4deep6deeper7deepest6deepra6defect6defenc6deffer4defi6defici7deficit5defin7definit7deflagr7deflect9deflexion6deform3deg7degener6degrad5degre7degreec7degreek7degreer6deichm7deioniz6deisgn5delai5delft7delimit5delin5delta6demand6demarc7demarcu8demonstr4denc7denisdh9denisonmr7denmark7denomin5denot4dens6denser7densiti4dent6depart8departur6depend6depict6deplet7deposit7depress4dept5depth6deputi5deriv8deryagin7descend7descent7describ8descript6design5desir4desk6despit8destabil6destal6detach6detail6detect8deterior8determin11determinant5deton5detra7detrarw9detriment4deuc7deutsch3dev5devel7develop6deviat5devic5devis5devot7devreas5dewei6deweyc8dewpoint2dg7diaconi6diagon7diagram4diam6diamet7diamond9diaphragm6diatom6diazgb11dicamillojr9dickinson6dicsov6dictat3did11diederichfw5diego8dielectr6differ10differenti9difficult10difficulti6diffus5digit6dihedr5dilat6dilleh5dilut6dimens9dimension13dimensionless8diminish7dimmock6dioxid5dipol5dirac6direct8directli8director9dirichlet4dirt11disadvantag6disagr7disagre9disappear4disc7discern8discharg7disclos10discontinu6discov8discover9discoveri7discrep7discret13discretefrequ7discuss14disequilibrium4disk6disloc7dismiss6dispar7dispers7displac7displai6dispos9disregard7dissert10dissimilar6dissip7dissoci20dissociationrecombin7distanc7distant8distinct10distinctli11distinguish7distort9distribut7disturb7diurnal3div4dive6diverg6divers9diversifi5divid5divis7dixonsc2dj2dl3dmc2do6doctor9dodecagon3doe9doggettrv6domain4dome5domin3don4done6donnel8donnellh9donnelllh8donnelrm9donoughep10donoughepl7doppler6dorefj11dorodnitsyn18dorodnitzinhowarth11dorodnitzyn10dorrancewh8dosanjhd5doubl7doublet6doubli5doubt6dougla5dover5dowmb4down10downstream8downward8downwash8doylemdc2dr4drag8dragutin6dramat12dransfielddc5drape8draperjw7drastic4draw5drawn4drew6driest8driester5drift5drill9drischler11drischlerja5drive6driven6driver5droop4drop7dropoff10drosophila6drougg9druckerdc4drum3dry6dryden2ds4dual5dubos4duce4duct4dudx3due6dufour7dugandw8dugundij9dugundjij6duncan6dunlap7dunlapr8dunsbyja10dunwoodynt6duplic9duralumin5durat4dure12dusinberregm4dust3dvl2dw2dy5dyeri4dyke6dykemd5dynam1e2ea3eab4each4earl5earli7earlier5earth3eas4easi6easier7easiest6easili4east6eastra3ebb2ec7eccentr4echo6eckert9eckerterg8eckhausw5econd6econom7economi7economo2ed4eddi10eddyviscos8edelfelt10edelfletih3edg11edgedisplac7edgesto7edgewis4edit4edpm4educ6edward2ee6effect8efficaci6effici6efflux6effort5effus2eg4egat5egger8eggersaj11eggingtonwj3egm2eh7ehlersf7ehretdm8ehrichff9eigenvalu11eigenvector5eight6eighth7einbind6either7ejector2ek2el6elabor5elaps5elast4elec6electr7electro8electrod11electroform17electrohydrodynam13electromagnet8electron11electrostat4eleg7element10elementari4elev6elimin7elliott8elliottd6ellips10ellipselik9ellipsoid6ellipt5elong8elsewher2em5embed6embrac7embryon5emerg6emerya7emeryjc7eminton5emiss4emit6emkeen5emmon7emmonsh8emmonshw6emphas7emphasi8emphasis5empir18empiricalintermedi6emploi6employ5enabl3enc7encircl6enclos9encompass7encount8encourag3end9endeavour6endors7endplat5endur6energi6enforc3eng5engag6engess5engin7england6enhanc5eniac5enjoi6enlarg9enlighten5enorm6enough7enquiri6enskog4ensu5ensur6entail5enter7enthalp8enthalpi10enthalpyus5entir8entireti6entitl7entrain7entranc7entrant5entri7entropi7envelop7environ11environment7envisag5epoxi2eq5equal5equat8equatori9equicohes9equilater8equilibr10equilibria11equilibrium5equip7equival2er6eratur7erdmann4erfc8erickson4erod4eros5errat5error10errorssdof2es5escap14eschenroederaq14eschenroederaw6especi6essenc7essenti9establish5estim2et4etal3etc4eter7ethylen3etr4etud6eucken5euler8eulerian2ev5evalu6evapor4even5event6eventu7everett5everi9everywher4evid7evidenc5evolv6evvard2ew5exact7exactli7exagger6examin6exampl4exce6exceed5excel6except9exception6excess7exchang5excit6exclud7excresc5excus7exercis5exert7exhaust7exhibit5exist4exit4exot3exp6expand6expans6expect6expend10expenditur6expens6experi9experienc10experiment7explain6explan8explicit10explicitli7exploit6explor11exploratori6explos5expon9exponenti17exponentiallyfici5expos7exposit7exposur7expound7express6extend6extens9extension6extent8exterior6extern7extinct5extra8extrapol6extrem2ey1f2fa6fabric4face5facet5facil7facilit4fact6factor4fage7fagetma3fai4fail6failur4fair6fairli8falangan9falangara4fale7falkner9falknervm4fall6famili8familiar3fan4fano3far10farmingdal11farnborough7farther7fashion4fast6fasten6faster3fat6fatigu10faulderscr5favor6favour5fayja2fb2fd7feasibl6featur8februari3fed4feed8feedback4feel4feet7feldman4fell4felt9fenstersj5ferri6ferria10fettermand5fewer2ff3ffa5fiber6fibrou7fictiti5field7fieldfa5fifth5fifti3fig7fighter5figur8filament4fill4film6filter3fin5final7financi4find4fine6finest6finish5finit12finitediffer4fire4firm6firmer5first8firstord8fisherlr7fission3fit4five3fix10fixedpitch2fk2fl5flagg5flame5flang4flap5flare5flash4flat8flatplat6flaxah4flex7flexibl6flexur3fli6flight7fllayer5float7floccul5floor7florida4flow6flowin7flowmet5flown8fluctuat5flugg5fluid10fluiddynam7fluidiz7flutter4flux3fly2fm2fn4focu5focus8foelschk3fog9fohrmanmj4foil4fold6follow8folsonrg4foot4forb4forc7forcibl6fordrd4fore8forebodi8forecast8foredrag9forefront6forego7foreign12foreknowledg4form6formal6format6former6formul7formula7forraym5forst4fort5forth5forti5forum7forward14forwardacceler10forwardfac13forwardflight10foughnerjt5found7foundat4four10fourcompon7fourier6fourth9fourthord7fourwav4foxh2fp4fpre2fr8fraction7fractur8fraenkel9fraiserhr7fralich9fralichrw5frame9framework5franc6franci7frankel7frankwl8fredholm4free11freeconvect10freedmansi7freedom6freeli7freeman9freemannc8freeport10freestream5freez5freon8frequenc8frequent13freudenthalam8friction12frictionless8friedman9friedrich11friedrichhr5fring4from5front7frontal6frozen10frozenflow5fruit8frustrat7frustum2fs2ft5ftsec2fu4fuel8fujihiko6fulfil4full6fuller8fullerfb5fulli5fumer8function4fund9fundament6fungyc3fur6furnac7furnish7further10furthermor4fuse7fuselag12fuselagesect5futur2fx2fz1g2ga4gadd5gaddg4gage4gain6galcit8galerkin11gallagherjj8galletli10galletlydd10galletlygd5gamma3gap10garabedian12garabedianpr8gardless6garner7garrick8garricki6gascou8gasdynam4gase6gaseou8gatewood6gather4gaug11gaukrogerdr5gauss8gaussian4gave6gaydon6gdalia2ge6geckel4geec4gehr6geiger7geigerr5gener9generalis6genuin6geodes8geoffrei7geometr8geometri6geophi7geophys5georg9georgembt7georgia6gerard7gerardg6german7germani7gerrard8gershuni10gershunigz8gerstenk3get2gg2gh4gibb6gibson7gibsonw7giedtwh4gies7giesejh9gilbertac6gillss4ginz8giraudjp4give5given2gk11gkbatchelor5glanc5glass6glassi7glauert9glauertmb6glenny6glickh5glide6glider6globul8glycerin2gm2gn2go4goal8goddardf3goe8goebeltp7goetzrc9goldstein11goldsteinaw6golian10gollnickaf4good10gooderumpb10gooderumpn7goodier7goodman9goodmantr5goodw6gorcum6gordon8gordonhd6goreew7gortler8gortlerh6gothic12gottenbergwg7gousesw6govern2gp2gr4grad5grade8gradient7gradual7graduat6graham7grahama8grahamew4grai5grain6gramsc5grand7grantfc8granular11granvillera7graperg5graph7graphic7graphit7grashof8grasshof7gravalo10gravalosfg6gravel6gravit7graviti9gravitzsi5graze5great7greater8greatest7greatli5green11greenberghg11greenberghj11greenbergra6greenl8greensit11greenwoodgh7greggjl8gregoryb8gregoryn4grid8gridwork9griffithg10griffithwc8grifithg8grimming6grober5groov5gross7grossjf8grossman7grossra6ground5group5grove4grow6growth7grumman6grunow2gt8guarante10guggenheim4guid7guidanc3gun11gundersenrm5gupta4gust5guyld2gv2gw5gyrat8gyroscop1h2ha4haag8haberman3had8hadamard14haggenmachergw3hai4hain8hainesab7hainsfd6halerw7haleysm4half8halfangl7halfman9halfmanrl7halfwai4hall6hallaa5hallh6hallim6halljg6hallmg8halstead4halv6hamapr5hamel10hamiltonja10hammerhead11hammerlingp7hammitt7hammond6hamper7hamrick8hanawalt8hancockg4hand8handbook8handicap5handl7handlei5hangl6hankel11hankelmangh6hansen8hansonpw8hantzsch6happen4hard6harden6hardli7hardwar6harmon6harold5harri8harrisel7harrisi8harrisla8hartmann10hartnettjp6hartre9hartreedr11hartunianra4hash8hasimoto9hasimotoz9haskellrn6haslet7hassehr6hasten10hastingsrc8hauserch4have5haveg8havelock10havelockth3hay7haydaya7hayerwd7hayeswd6hayman6hazard2hc4head7heaslet8heaslett4heat6heater10heattransf4heav5heavi7heavier11hedgepethjm6height8heightto6heimel7heimenz10heisenberg9heislermp4held11heldenfelsr4hele6heledg7helgerl5helic8helicopt10heliocentr6helium9helmholtz4help4hemi9hemispher16hemispherecylind12hemispheroid4henc6hencki9henderson10hendersona8hennessi10herberlejw6herein9heretofor4hero4herr9herringtr9herriotjg8herrmann9herrmanng12herrnsteinwh6herrrw9hertzberg6hessjl6hessnw6hessrw5hesst9heterogen7heumanc7hexagon9heywoodrb2hf2hg2hh4hick8hickmanr7hidalgo8hidalgoh4high10highenergi6higher9higherord7highest9highfrequ6highli7highspe14hightemperatur9highveloc4hill6hillfk5hillj10hilsenrath7himself6hinder4hing8hingeaxi8hinsonwf10hirschfeld9hirshfeld4hise5hisev7hislopg6histor7histori3hit8hitherto2hj3hja2hk2hl2hm2ho7hodgepg9hodograph4hoff7hoffman8hoffmanf6hoffnh6hoffnj3hog4hoge4hold6holder8holderdw4hole7holerya7holland6holldl6hollow10hollowaygf12hollowcylind5holtm6homann4home7homogen9honeycomb4hoop4hope8hopeless10hopelessli4hopf9hopkinshg5hopko7hopkohn7hopkorn6hopper8horizont8horsesho9hoshizaki8hosokawa9hosokawai9hosowakaa3hot6hotter9houboltjc4hour4hous8housefli5hover10hovercraft6howard7howarth8howarthl5howel7howepwh7howeswl5howev7howorth2hp8hpyerson5hroma7hromasl2ht2hu5huang7huangmk3hub9hubbardhh7huberpw6hubkar8huckellv6huffrd8huftonpa9huggettdj4hugh8hugoniot5human5humid8humphrei5hundr6hunter8huntonlw10hunzikerrr4hurd4hurl8hustonrj3hwa6hybrid7hydraul12hydroballist11hydrocarbon10hydrodynam8hydrogen11hydromagnet9hydrostat5hyett3hyp6hypass8hyperbol12hypergeometr9hyperlipt8hyperson9hypersoul10hyperveloc8hypothes9hypothesi8hypothet5hysol9hysteresi8hysteret2ia3ibm4icbm4idea5ideal5ident7identif8identifi2ie3iee2if4ifer3igc3igi5ignit5ignor2ii3iii11illingworth13illingworthcr7illinoi7illustr8illustri2im4imag9imaginari4imai6imilar6immedi6immers7immobil5immov6impact6impair6impart5impel9imperfect6imperi6imperm6imping9implement5impli6implic8implicit6import5impos6imposs7impress9imprimeri6improp6improv6impuls8inaccess7inaccur10inaccuraci7inadequ10inadequaci8inadmiss8inadvert8inafinit8inapplic10inappropri8inasmuch7inboard3inc4inch10inchdiamet5incid8incident6incipi6inclin6includ6inclus5incom9incomplet10incompress9inconclus7inconel9inconsist9inconveni8incorpor9incorrect7increas12increasingli9increment15incrementalnorm5incur4inde9indefinit8independ10indetermin5index5indic6indici8indirect10indirectli6indium8individu5induc14inducedpressur6induct8industri8ineffici7inelast5inequ5inert6inerti7inertia6inevit8inexpens5infer5infin7infinit14infiniteaspect11infinitesim5infit7inflect6inflow8influenc9influenti6influx6inform3ing6ingeni5inger7ingergr5inher7inhibit9inhomogen5initi6inject13injectioncool8injector3ink5inlet9inletmass7inmanrm5inner4inop7inorgan7inouyem6inplan5input6inquir6insect8insensit6insert5insid7insight10insignific7insofar7inspect6inspir4inst7instabl6instal7instanc7instant9instantan7instead6instig8institut8instruct10instrument9insuffici5insul5insur3int5intak6integr9integrand17integrodifferenti6intend6intens8intensif9intensifi6intent9intention5inter8interact8interanl10interchang12interconnect15intercrystallin11interdepend8interest8interfac8interfer13interferogram12interferomet13interferometr13intergranular7interim8interior9intermedi14intermolecular6intern8internat14interplanetari8interpol8interpos9interpret8interrel9intersect12interstellar6interv5intim4into7intract8intrieri7intrins8introduc9introduct8introdur6intuit7invalid6invari6invers6invert8investig12investigaion8inviscid12inviscidflow5invok6involv6inward8inyokern5iodin3ion5ioniz9ionospher4iowa2ir4irbm4iron9irregular9irrespect8irrevers5irrit5irrot3irv5isaac8isaksong8isentrop6isobar17isochronousstress10isoenerget7isofoam4isol8isotherm6isotop7isotrop6isovel4issu6itechn4item4iter6itself2iv1j2ja6jackjr7jackson5jacob8jacobian9jacobsonl10jacobsonmj9jacoussam6jaeger8jaegerjc5jaero7jaerosc6jaersc5jaesc8jahsmanw3jai4jame4jamr3jan4jano7januari6janzen5japan4japp8jappmech7jappphi7jastrow7jaszlic2jb8jbritint2jc8jchemphi12jchemphysfeb2jd7jefferi7jeffrei3jeg6jenson3jet11jetboundari7jetexit6jetlik9jetstream2jf6jfluid2jg8jinstmet2jj2jl2jm9jmathmech8jmathphi4jmin4jmjn3jnl3jnr8jogaraov10johannesen10johansenfc4john7johnsdj7johnson9johnsonha9johnsonhc7johnsrh8johnston10johnstonih4join5joint7jointli4jone6jonese7jonesiw7jonesjg7jonesjj6jonesr8jonesrpn7joneswp11jorgensenlh6joseph7jouguet9joukowski4joul7journal7joycegm8jphyssoc13jphyssocjapan7jplprog2jr5jroya9jroyaesoc2jt4judg6judici10jugoslavia6jukoff4juli4jump8junction7junctur4june5jupit4just6justif7justifi2jv5jzesc1k9kaattarig8kallmann6kalman6kanadd11kantrowitza7kanwalr7kaplana9karchmarl6karman7karmant6katzen8kawaguti3kay5kayej9keatingsj6keckjc8keenanjh6keener4keep3kei7keithal6kellei6keller8kellerhb8kellerjb5kelli7kellyhj6kelvin4kemp5kempf7kempner8kempnerj6kempnh6kendal9kendalljm8kendrick6kennya4kept6kernal6kernel11kernelfunct12kerrebrockjp8kesterrh8kettledj8keulegan4keun2kg8kidalgoh12kilakowskilj8kilometr4kind7kinemat5kinet4king7kingdom4kink11kippenhancj7kirbyrh9kirchhoff4kirk6kirkfn6kivelb2kj2kl10klebanoffp9kleemanpw5klein6kleinb10kleinstein2km4kmno3knc4knee4know8knowledg5known6knoxec6knuckl7knudsen2ko14kochendorferfd6kogana7komodah5kopal8kopalfor9korkegirh5korst7korsthh6kosson6kramer8kramerjl8kramerrf5kramp15krasilshchikova4krau6krauss7krieger4krqu7krummwj7krypton2kt3kth7kubotat9kuchemann10kuchemannd5kuehn8kuetheam5kuhnr3kuo5kuoya5kuoyh7kussner5kutta2kw1l2la3lab5labor10laboratori6labori6labour4lack8lackmanl7lacquer6ladson8ladsoncl3lag7lagrang10lagrangian7laguerr3lai4laid9laidlawwr4lake15lakshmikanthamc9lambertrf11lambournenc5lamin7laminar15laminarboundari8laminari13laminarturbul4lanc4land7landahl7landauc5landn7landrum6langer10langhaarhl7langlei7languag4lans9lansingdl8lansingw3lap6laplac9laplacian9lardnertj4larg9largeangl11largeaspect10largechord6larger9largescal7largest7largeth6larson8larsonhk7larsonr4last6lastli6laszlo7laszloa4late6latent5later13lateraldirect7latitud6latter6lattic6laufer7lauferj6launch9laurencej7laurinr5laval9lavenderr3law7lawesja5layer6layout2lb2ld2le3lea4lead10leadingedg8leadonbh8leadonbm5least4leav6lectur3led3lee5leedb6leelhn5leesl7leeward4left7legendr7leggett10leggettdma7legitim8lehnertr5leigh7leighdc8leighdcf5leiss8leissaaw3len6lenard7lenardm4lend6lender6length8lengthen9lengthwis7lennard8leonardm4less6lesser6lester3let6letkow6letter5level5lever4levi6levinl8levinsky5levya5levyl4lewi7lewisja7lewisrg2lg2lh2li5liabl8liapunov5libbi7libbypa7libovec6librat6librov4lice6licens3lie12liebersteinh12lieberstenhm7liepman9liepmanhp9liepmanhw8liepmann4life7lifetim4lift13liftingsurfac5light8lighthil12lighthillfor11lighthillmj7lightli11lightweight5liila4like7likewis8lilleygm5limit3lin6linalj5lincc6linder9lindholmu7lindsei9lindseywf4line6lineal6linear8linearis16linearizedtheori8linearli5liner10lingitudin4link5linsc5linsh7liouvil3lip6liquid12liquidinject4list3lit5liter9literatur4liti5littl10livesleyrk12livingoodjnb2lk2ll2lm7lmethod2lo4load4lobe5local7localis12localsimilar5locat13lochtenbergbh4lock6lockhe6lockrc4locu3log9logarithm5logic12loitsianskii5lomax6london4long6longer7longest10longitudin18longitudinalvortic7longtim3loo4look4loop4loos8lopatoff4lord6lordwt4lose4loss4lost4lotz9loudspeak4loui4love6loveem3low9lowaspect5lower6lowest5lowgm6lowspe9lowsubson9lowturbul2lr3ltd2lu6lubric5lucid5lucit7ludweig7ludwieg9luftfahrt9luidensrw5lumin5lunar8lundgent9lundquist2ly8lyapunov9lykoudisp6lynnym4lyon7lyonswc6lyskov1m2ma7mabeydg7macadam6maccol9maccolljw9macdonald4mach9machellrm6machin8machnumb11mackenzieda7macneal4made6maeder8maederpf3mag12magasarianol5mager6magera10maglieridj9magnesium6magnet7magneto13magnetoacoust16magnetoaerodynam18magnetofluidmechan9magnetoga15magnetogasdynam17magnetohydrodynam13magnetoplasma7magnifi8magnitud5magnu6mahoni3mai10maillardwc4main6mainli10mainstream8maintain7mainten5major10majorminor4make8malfunct11malvestutof3man5manag8manchest6maneuv4mang7mangler9manglerkw8manifest6manner8manocuvr8manoeuvr7manomet11mansfieldeh10manufactur3map3mar7marblef5march6margin8marguerr10marguerrek5marin5mario7maritim4mark8markedli5markh9marronepv9marsdendj12martelluccia7martian6martin8martinjj8maryland4masi4mask6maskel9maskellec6maslen8maslensh4mass12massachusett7massbal10massbalanc9mastersji3mat5match6materi4math8mathemat8matherdj7mathieu7mathphi6matric6matrix6matter9mattingfw6mauric9mautnersf3max8maximuin7maximum6maxwel10maxwellian5mayer7mayersj7mayeswh4mayo8mazelski2mc8mccarthi10mccauleywd8mccombhg11mcconnelldg6mccune7mccunej9mcdearmon6mcgraw9mcgregori7mcisaac10mckenzieab8mckinnon9mclachlan10mclafferti6mclean10mclellanch10mcmillanfa6mcnown2md4mead4mean9meansquar5meant6measur4mech6mechan7mechapp8mechinst5media6median6medium4meet3meh6mehtod8meissner6meksyn7meksynd7melamin7mellojf4melt6melvin6member7membran4memo10memorandum6memori7mention7mercuri4mere4merg6merger8meridian8meridion5merit4merl9merriamkg8mescallj4mesh10messiteraf3met5metal6meteor8meteorit5meter6methan8methanol6method8methodof3mev5meyer2mg2mh3mhd4mich7michael9michaelwh10michielsen12michielsenhf9microinch12micromanomet6micron9microphon8microwav3mid8midchord5middl9middlesex7midplan7midspan6midwai7mieleaa5might6migrat9mikulasmm3mil4mild4mile7milesjw8millerrw8millikan10millikancb8millimet7million11millisecond7millsap9millsapsk14miltonbergergh4mind7minerma10minhinnick5minim7minimis7minimum8ministri10minneapoli9minnesota5minor4minu5minut5mirel7mirelsh6mirror8misalign7misalin4mise8mismatch4miss6missil7mission6mistak3mit5mitig3mix9mixedflow6mixtur6miyaii2mj2mm5modal4mode5model5moder6modern6modest5modif6modifi5modul6modulu8moeckelw3mol7molecul9molecular6molten10molybdenum10molyneuxwg6moment9momentand9momentari8momentum8monaghan10monaghanrj7monatom8monocoqu9monograph8monoplan7monopol7monoton7monoxid4moon4moor7moorefk7moorekc10morduchowm4more6moreov8morganhg8morganwc5morii10morkovinmv9morleylsd4morn8morrisdn7morrisj4most6mostli6motion10motionless5motor5mound5mount8mountain6movabl4move8movement3mph2ms3msc4msvo2mt3mth4much7muffler7mulheim8mullensm6muller6mullhr6mullrh9multhopph5multi8multiaxi8multibai13multicellular11multicompon8multilay7multipl8multipli11multipropel9multistag8multiweb3mum4munk10murduchowm6murphi8murphych7murphyj6murrai8murrayjd8murrowhn10mushtarikm4must6mutual2mw6myself1n4naaa4naca5nacel11nacelleexit4nack4nada9nagakurat9nagamatsu11nagamatsuht8naleidjf6nallkl4name10napolitano11napolitanol7nardosw6narrow7naruseh4nasa4nash6nashjf6nashwa3nat6nation8national5natur6nautic5naval4navi6navier10navierstok9naysmitha2nb2nd4near6nearer7nearest6nearli6neater6necess9necessari11necessarili8necessit4need3neg5negat7neglect6neglig6neices12neighborhood9neighbour13neighbourhood7neither8nelsonrl8nelsonwh5nessn3net7network7neumann9neumannep7neumark7neutral5never12nevertheless3new5newli7newmanm6newsom8newsonwa6newton9newtonian8newtonjf4next8neymanrj4ngte2nh4nice9nicholsmr4nick6nickel8nicleywg8nicolson9nicolsonp12niedenfuhrfw7nielsen9nielsenjn5night5nimon4nine8ninefold8nineteen5ninth6nitric8nitrogen9nitzburgg2nj2no7nocturn5nodal4node6nogwon4nois11nomenclatur5nomin9nomograph3non6nonabl8nonalign13nonaxisymmetr10noncatalyt11noncircular14noncirculatori9noncommun10nonconcurr10nonconduct10nonconserv9noncorros11nondecompos12nondimension9nondissip14nonequilibrium8nonexist8nonflamm11nongyroscop7nonheat10nonhomogen9noninclin9noninject8noninsul11nonisentrop11nonisotherm7nonlift9nonlinear9nonmagnet6nonneg11nonorthogon11nonparallel7nonperm9nonplanar6nonpor8nonreact8nonrigor6nonrot10nonsimilar11nonsingular13nonslationari8nonslend8nonspher13nonstationari9nonsteadi6nontox8nontrivi5nonun10nonuniform9nonvanish7nonvisc7nonweil7nonzero3nor6normal10normalforc13normalpressur6norman5north7northrj9noschmidt4nose3not6notabl5notat5notch4note10noteworthi5notic6notion5novel6novemb3now5nozzl10nozzleexit2np3npl2nr2ns3nth7nuclear7nullifi6number5numer6numger7nusselt6nuttal2ny8nyholmjr5nylon1o3oak2ob4obei6object9objection5oblat6obliqu7obliter6obscur6observ7obstacl6obtain8obtainec6obviou7obvious2oc5occas8occasion6occupi5occur6occurr10occurspast3oct7octagon8octahedr5octav5octob8ofattack3off10offenhartz5offer5offic9offreedom6offset6ofgrav3ofr5often3oge4ogiv11ogivecylind7oguchih5ohara4ohio3ohm6ohmanl3oil7okunoaf3old7oliverh7oliverr8olssonco6olstad2om6omanra5omiss4omit2on6onatet3onc5oncom12onedimension5onera8onetenth4onic4onli5onsag5onset3ont4onto2op5opaqu4open7openend4oper11oppenheimak8opportun5oppos7opposit5optic5optim19optimizationddesign7optimum5orbit5order7orderof5ordin8ordinari7ordnanc6ordwai7ordwayd5organ5orgin6orient6orific6origin7origint6orlfic5orlik3orr8orthogon9orthotrop6osborn5oscil11oscillatori12oscillograph5oseen5osoen7ostrach10oswatitsch11oswatitschk5other8otherwis6ottawa4ouel10oullivanwj3our3out8outboard6outcom5outer9outermost6outlet6outlin6output6outsid8outstand7outward9outweight4oval5ovalu4oven4over6overal7overcom9overestim10overexpand10overexpans8overhang7overlap6overli8overlook11overpressur7overrid10overshadow9overshoot11oversimplif12oversimplifi6overst8overstat6oversw2ow4owen6owenpr4ower3own4oxid6oxygen1p2pa7packard9packardbb7padlogj4page6pagerh6pagewa3pai4paid8painedsc7painlev5paint4pair5paisi8pallonea9palloneaj4palt5panel9pankhurst5paper8pappascc6papreg4para7parabol8parabola10paraboloid7paradox9paragraph8parallel7paramet9paramount8paraplex7parasol4pari8parietal4park7parkspc4part7partial7particl12particledens10particular12particularli6partit6partli8pasadena4pass6passag7passeng6passiv4past4path7pattern9patterson11pattersongn3pau4paul7payload2pc5pdpdy4peak7pearcei9pearceyhh5pears8pearsonh10pearsonjra9peckhamdh9peckmandh6peclet8peculiar6peggrj7penalti6penetr4peng9penlandja12pennelegionl12penningtonrh8penzienj5peopl3per7percent9percentag12percentthick7perfect9perfectga9perfectli6perfor7perform6perhap6perige8periment7perimet6period8peripher6perman8permeabl7permiss6permit4perp13perpendicular15perpendicularli7perplex5persh7persist6person7pertain6pertin7perturb9pessimist9petersohn8peterson10petersonjp2pg2ph5phase3phd6phenol9phenomena12phenomenolog10phenomenon4phil12philadelphia9phillipsj7philmag5philo10philosophi11phosphoresc5photo10photoelast10photograph11photographi13photomultipli16photothermoelast7phugoid3phy7physcal9physfluid6physic7physico9physiolog5pibal6picard6pictur4piec7piercej6pierci5pilot5pimpl3pin7pindroh9pinkerton4pipe6piston5pitch10pitchingmo6pitman5pitot5pivot2pj5place9placehold9placement4plai5plain4plan6planar6planck5plane6planet9planetari12planetocentr8planform5plant6plasma5plast7plastic5plate7plateau8platinum8plausibl6plenum3pli3plk7plohrhw4plot3plu4plug5plume5plung7pneumat3pod6poetic7pohlefv10pohlhausen11pohlhausenk7poincar5poind5point10pointednos8poiscuil8poiseuil7poisson5polar4pole6polish8polyatom7polyaxi14polycrystallin7polygon5polym8polynomi10polystyren9polytechn4pond10ponderomot6pondhl7pooleja4poor7popular9popularli4pore5porou7portion7portiou7portnoi8portnoyh8portnoyj4pose5posit7possess7possibl6possio4post9postbuckl7postpon6postul7potenti13potentialflow11potentiomet6potter8potterjl7pottero5poudr5pound5powel8powelleo5power7powerpl2pp2pr7practic10practition6prager7prandtl7prattkg3pre8prebuckl7precaut6preced7precess8precipit6precis7preclud7predict9predigest8predomin13predominantli6prefer7preheat11preliminari8prematur6premis6premix4prep6prepar9preponder8prescrib7presenc7present7preserv5press7pressur17pressuredistribut16pressureinteract13pressureratio9pressuris7preston9prestonjh7prevail6preval7prevent7previou8previous15previouslygiven8prewhirl5prian5price7pridera8priester5prikl7primari9primarili5prime9princeton7princip8principl5prior6priori5prism7prismat7probabl5probe7problem9probstein11probsteinrf4proc11proccamphil5proce8procedur7proceed7process13processinclud12procinstmech9procroysa6produc7product9professor6profil11profileieit8profound7program8programm8progress8prohibit4proj7project9projectil6prolat6promin6promis6promot5prone8pronounc5proof4prop6propag6propel17propellerresearch6proper8properli8properti7proport10proportion6propos8proposel8proposit8propound7propuls8prospect7protect7protein6proton8prototyp7protrud7protrus8protuber9proudmani9proudmanj5prove6provid6provis9provision6provok6proxim6pseudo3psf3psi4psia4psig9psycholog2pt5ptiii6public7publish4pugh4puls4pump7punctur4pure6purpos5pursu3put5puzzl2pv2pw2px7pyramid5pyrex1q8qappmath6qjmech13qjmechappmath2qm7quadrat9quadratur10quadruplet9quadrupol6qualit7qualiti7quantit8quantiti7quantum5quart7quarter12quarterchord7quartic6quartz5quasi7queiijo6quench5quest8question5quick8quickact7quickli5quiet4quit4quot6quotat1r2ra8rabotnov5radar10radartrack9radbilljr4radi6radial10radialband6radian7radiant6radiat5radic5radii5radiu9radkowski5radom5radon3rae5raero6rahman8rahmanma3rai10rainbirdwj8raineyag4rais4rake7raleigh5ralph5ramet4ramo4ramp4rand9randalldg6random8randomli6randon4rang6rankin8ranniewd5rapid7rapidli12rapidlyfreez8rarefact6rarefi5rashi7rashisb4rate6rather5ratio9ratiobeen6ration6ratner7ratnerp8rattayya10rattayyajv8rayleigh2rc2rd2re5reach5react8reaction7reactiv7reactor4read6reader5readi7readili8reaffirm4real6realga6realis7realist6realiz6realli9reanalysi8reanalyz4rear8rearrang8rearward6reason8reattach6receiv6recent9recessojv8recherch8reciproc8recircul6recogn8recognis8recombin9recommend10recompress6record7recours5recov7recover8recoveri8rectangl11rectangular11rectilinear5recur6recurr6recurs9redefinit8redesign8redirect11redistribut5reduc12reducedfrequ13reducedmodulu6reduct6redund8reederjp6reedwh7reenter7reentri10reentrytyp8reevesbl8reexamin3ref5refer8referenc17referenceenthalpi5refin7reflect6reflex8reformul7refract10refractori6regain5regan7reganjd6regard10regardless5regim6region9regirersa6regist7regular9reichardt5reidj6reidwp8reimping8reinforc10reinvestig5reiss7reissel8reissner6reject3rel5relai5relat12relationship10relativist5relax6releas5relev4reli7reliabl6reliev6remain7remaind6remark6rememb7remmler5remot5remov6render8renssela3rep6repair6repeat9repercuss7repetit6replac5repli6report6repres9represent8reproduc7requenc7request6requir8research11researchtyp14researchvehicl7resembl6reserv9reservoir8reshotko6residu6resili5resin6resist6resler8reslerej8reslerel7resolut6resolv5reson6resort7resourc7respect7respond7respons4rest6restor8restrain9restraint8restrict6result13resultantforc6retain6retard9retrocket11retrorocket10retroveloc6return5reuss3rev6reveal5revel8revelljd6revers6revert6review5revis7revolut6rewrit7reynold2rf7rheolog8rhodesbv7rhombic9rhymingil2ri3rib6ribbon7ribnerh7riccati8richmond6riddel9riddellfr4ridg9ridyardhw7rieding5right5rigid7rigidli5rigor5rilei7rileyjd4ring6riolat5rippl4rise4risk4ritz4riva5rivet2rj2rl3rlx2rm4rmah6rmdavi5rmlea5rmlga2rn4road6roagvr4roar6robert11robertsonjm9robertsrc9robinsona10robinsonrg6rockdh6rocket8rocketon8rockeykc3rod6rodden8roddenwp3roe5roger8rogersaw8rogersew8rogersrh4rogh3roi4role4roll7romanof5romeo7romeodj4romj4room4root4rose10rosecransr12rosenbrockhh12rosenzweigml6roseph6rossaj8rossowvj6rotari5rotat8rotation10rothsteinw5rotor4rott5rottn5rough7roughen7roughli5round4rous12routhhurwitz6routin3row5royal9rozyckirc2rp3rpm7rstruct5rsult2rt7rubesin8rubesinm9rubesinmw5rubin9ruckemank11rudimentari6rudinm4ruhr4rule3run4rung6runyal8runyamhl6ruptur9russelldb7russian7russoal11rutkowskirw4rvon2rw2rx9ryhmingil6rynabm1s4saab11sachenkovav7sacksah4safe6safeti3sai6saibei4said4sail5sakao4sake7sakurai8sakuraia8sakurait7sakuria7salient7salmirj6salmon4salt7salterc4same5sampl6samson8samsonsh6samuel3san4sand7sandpap8sandwich6sanger8sansomeg8sarasonl7sashkin7satelit8satellit17satellitessputnik9satisfact12satisfactori14satisfactorili7satisfi5satoh14satyanarayanab6sauerr7saunder4save7savinrc2sb2sc5scala6scalar7scalasm5scale4scan9scanlanrh5scarc10scarshaack7scatter3sce8schaafsa9schaffera7schemat6scheme14schermerhornvl8schetzja10scheuingra12schjeldruphc9schlesing8schlicht9schlieren7schmidt8schmidtr10schneiderp10schoenherr9schubauer11schubauergb5schuh7schultz7schwarz3sci6scienc8scientif9scientist5scoop5scope7scottcj6screen7scruton8scrutonc3sea4seal6sealdm4sear6search7searswr6season6seattl5seban7sebanra3sec6secant8sechlere6second9secondari8secondli9secondord7section6sector7sectori5secur8sediment7sedneyr5sedov3see4seed4seek4seem4seen7segment6seidel6seidep6seiffa6select4self11selfpreserv8sellsccl4semi8semiapex11semiballist9semicircl12semicircular10semidiamet9semiempir11semiinfinit8semispan10semivertex6senior4sens7sensibl6sensit6sensor5separ4sept7septemb6sequel7sequenc3ser6serbin7serbinh5seren4seri6seriou7serious9serpicojc4serv6servic5servo5sesir7session3set5seven7seventh10seventhpow5sever7severli5sewal6sextic2sh6shadow11shadowgraph5shaft5shall7shallow8shandorm5shank7shanlei9shanleyfr5shape7shapiro9shapiroah5sharp8sharpedg7sharpli8sharpnos6sheajj5shear11shearstress6sheath4shed5sheer10sheerlanwj6sheerr5sheet6sheetr5shell7shelter4shen5sheng6shensf9shercliff11shercliffja8shermanf11shesterikov6shield8shieldrt5shift4ship12shirtliffecj5shock13shockboundari11shockdetach11shockexpans10shockinduc8shocklay9shockless13shockstandoff8shockwav11shoemakerem5short8shortcom7shorten7shorter8shortest7shortli12shortlifetim6should8shoulder4show7showhow5shown6shroud6shuffl15shukhovitskiiem9shyperson2si8sibulkin10sibulkinmj4side8sideforc8sideslip7sidewal8sidewash5sight4sign6signal8signific13significantli7sigular6silenc6silica6silver7similar9similarli9similitud6simmon5simpl7simpler8simplest6simpli7simplic7simplif8simplifi9simpsonrw5simul8simultan3sin4sinc10sinchtelcd8sinclair4sine7singerj5singl9singleand10singlepass10singlestag9singletyp6singli8singular4sink7sinnott8sinnottc7sinottc8sinusoid3sir5siren6situat3six5sixth6sizabl4size7sizeabl4skan6skansw7skenewt7sketchi4skew13skewedparabol5skill4skin9skinfrict4skip5skirt11skramstadhk4slab9slatteryr7slender4slew5slice5slide6slider8slighlti6slight8slightli4slip10slipstream5slope5slosh4slot4slow6slower6slowli3slr4slug5slyer2sm5small12smalldeflect7smaller8smallest9smallless10smallshear5smell3smf5smith8smithamo8smithanc6smithg6smithj8smithjhb7smithjw7smithmw5smoke6smooth8smoothli4snap4snow2so4soak7sobeyaj6sobson3soc7socaesc5socal7societi6sodium4soft3sol5solar4sole5solid14solidconstruct7solidif7solomon9solomonjm6solubl5solut4solv3som6someth7sometim8somewhat8somewher10sommerfeld8sommersc7sonderg5sonic4soon7sophist5soret4sort6sought5sound10soundsourc5sourc11southampton8southwel11southwellrv9southwest6soviet2sp5space10spacecraft8spacewis7spahrjr7spaidfw5spald10spaldingdb4span7spanwis4spar5spark14sparkschlieren9sparrowem7spatial9spaulding5speak5speci7special9specialis6specif7specifi8specimen11spectacular7spectra8spectral12spectrograph8spectrum8specular5speed10speedsthre5spenc7spencer8spencerb7sperada6speric6sphere7spheric18sphericalatmospher8spheroid8spiegler5spike7spillag10spillmanjj4spin6spindl7spinner6spiral6spirit5spite5split8splitter6spoken7sponsor7spontan4spot6spragu5sprai6spread10spreemannk8spreiter10spreiterjr6spring7spuriou2sq4sqft5squar5squir8squirelc7squirew2sr6stabil5stabl5stack5staff5stage7stagger8stagnant7stagnat15stagnationpoint9stainless7stalder9stalkerrj5stall8stalmach10stanbrooka5stand8standard8standoff10standpoint8stanford11staniforthr7stanitz7stanton11stanworthcg7starkwi5start5state9statement6static13staticpressur7station10stationari7statist6stator5statu6steadi8steadili8steadyst5steam8steamlin5steel5steep8steepest6stefan7steiger9steigermh5stein6steinm4stem4step8stepdown7stephen7stepwis6stergi8sterrett10sterrettjr10stewartson11stewartsonk5stiff7stiffen5still6stimul7stimulu5stine7stineha5sting6stipul8stochast9stockholm10stockmanno10stoddardfj8stojanov5stoke6stoker4stol8stolleri5stone7stoneah7stonear9stonecyph12stonecyphert6stonei5stoni6storag5store9stowellez8straight6strain7strandt6strang9stratagem9stratford10stratfordb10stratiform6streak6stream9streamlin9streamtub9streamwis8strength10strengthen6stress7stretch8strictli6strike8stringer5strip12stripanalysi10stroboscop6strong8stronger8strongli8strouhal6struck6struct8structur5strut6stuart5studi11studieddash11studiesdash5sturm3sub6subarc8subaudio7subcrit7subject6sublay6sublim7submerg6submit9subroutin9subscript7subsequ10subsidiari6subson16subsonicsuperson9substanti9substitut7subtend8subtract7succeed7success12successfulli4such4suck7suction6sudden16suddenfreezingof8suddenli5suerh6suffer7suffici6suffix5sugar7suggest4suit7suitabl3sum6summar7summari8summaris6summat10sunderland8sunnyval5super14superaerodynam13supercircular9supercrit9superfast9superfici10superimpos8superior8superpos10superposit11superscript8supersed8superson10supplement13supplementari6suppli8supplort7support6suppos10supposedli8supposit8suppress4sure6surfac17surfacetemperatur4surg7surpass7surpris12surprisingli8surround6survei7suscept7sustain10sutherland6sutton7swallow7swanson5sweat6sweden5sweep9sweepback9sweetingn5swept9sweptback12sweptforward6sweptw9swigartrj9swihartjm5swirl6switch8sychevvv11sylvesterma7symmetr8symmetri9symposium4syng7synthes8synthesi6system8systemat13systemsbestim9syvertson11syvertsonca9szewczyka1t3tab4tabl5tabul7tabular7tacitli4tail8tailless6tailor8tailplan8tailwind4tain4take5taken7takeoff6talbot7talbotl6tamada7tamadak3tan4tang7tangenc7tangent8tangenti13tangentmodulu11tangentwedg4tanh5tanii4tank6tanner3tao5taoln3tap5taper6target7targoff4task4taxi6taylor8taylorcr8taylorgi8taylorrl8taylorta2tb2tc7tearejd4tech8techmemo7technic8techniqu9technolog7technot10teddington6tediou5teeth6teflon9telegraph7telemet6teller4temp10temperatur10templetonh9tempratur3ten4tend10tendelandt7tendenc8tennesse6tensil7tension6tensor4tent4term6termin10terminolog11termperatur7termwis7terrain9terrestri4test12tetrachlorid7tewfiko8tewfikok4texa4text2th4than5thein8themselv4then5thenc10theodorsen7theolar7theorem7theoret6theori8thereaft7therebi8therefor9therefrom7thereof7thermal13thermalfatigu6thermo15thermoaeroelast10thermochem11thermocoupl11thermodynam11thermoelast12thermomechan9thermomet13thermopropuls5these9thesecond5thesi5theta5thick7thicken7thicker14thicknesschord10thielemann4thin5thing5think7thinner7thinwal5third7thirdli8thirteen3thn4thom5thoma8thomasag9thommenhu9thompsonj10thompsonmj9thorntonp8thorough10thoroughli5those6though7thought8threaten5three14threedimension9threshold6throat7throttl7through10throughout5throw6thrown6thrust3thu6thwait9thwaitesb8thysonna5tical6tiencl7tietjen3til4till4tilt4time7timeand10timoshenko4ting5tingl6tinglu4tion6tional3tip11tirumalesad5titan4titl2tm3tmx2tn6tnaero3tnd3tne3tni7tnspace8tnstruct2to3toa9toambient4toba5tobak6tobakm5tobia6tobodi5todai6togeth4toke5tokyo4told5toler8tollmien16tollmienschlicht10tomomentum8tomotika3too4took4tool3top5topic5torda7toricon10toriconica9torispher6toroid5torqu7torsion4toru5tosti7tostilp5total9totalangl5touch10touloukian5towal6toward7townend8townsend5toxic2tr5trace5track8tractabl8traction7tractor6tradit7traight5trail11trailingedg10trajectori10tramposchh4tran16transamermathsoc9transcend12transcendent8transduc8transfer7transfn9transform9transient7transit8translat11translatori9transmiss8transmit7transon8transpar8transpir9transport9transtabl9transvers9trapezoid8traugott10traugottsc6travel7travers5treat7treatis9treatment7trefftz7trefitz7trellam5trend7treonsl3trf3tri5trial7triangl10triangular6tribut5trick7trigger11trigonometr5trill9trillingc4trim6trimpi4trip5tripl8trochoid4troi6troubl10troublesom3trr4true5truli8trumanjc7truncat5truth5tsien6tsienh5tsion3tsu2tt4tube5tubul7tubular4tuft5tumbl8tungsten6tunnel7turbanc6turbin5turbo8turbojet11turbojetpow11turbomachin6turbul8turbulen10turcottedl4ture4turn8turnerjm6twenti5twice4twin5twist3two6twoand12twodimension6twomod8twopoint2tx4type6typear5typic6typifi9typograph10typographi1u3uhf2uk5ultim5ultra14ultracentrifug5unabl11unaccompani8unaffect7unangst9unanticip7unavoid8unbalanc6unbank7unblunt7unbound7unbuckl6uncamb9uncertain11uncertainti7unchang9unconserv11unconstrain9uncontrol6uncool9uncorrect7uncoupl6undamp8undeform5under10underestim11underexpand11underexpans7undergo8undergon7underli10underneath10undershoot8undersid10understand10understood11undersurfac10undertaken9undertook7undesir10undetermin9undissoci9undisturb11undoubtedli7undroop6unduli5unequ6uneven8unexpect12unexpectedli9unexplain10unfamiliar7unfavor8unfavour5unfil5unfir7unflang6unfold8unfortun7unhappi6unheat3uni6uniaxi9unidirect12unidirection4unif5unifi7uniform9uniformli8unimport11unintention5union5uniqu4unit7unitari5uniti4univ6univac6univer7univers7unknown6unless5unlik7unlimit6unload5unman7unmodul11unnecessari10unorthodox9unperturb5unpow9unpressur9unpublish6unreal9unrealist12unrelativist8unresolv10unrestrain10unrestrict8unretard14unsatisfactori7unsepar6unsolv9unspecifi7unstabl8unsteadi10unsteadili9unstiffen8unstress9unsupport7unswept9unsymmetr5untap5unten6untest5until6untrim7untwist5unusu5unyaw2up6upflow4upon5upper8upstream6upward6upwash6uramem6urgent2us3usa4usaa5usabl4usaf4usag8usefulli4user4ussr5usual4utia4util6utilis5utilz2uu2ux4uxyi6uxysgn1v2va6vacuum9vafakoswp6vaglio5valid4valu7valuabl6valued9valueless4valv3van9vandykemd4vane8vanguard6vanish11vanishingli5vapor6vapour4vari7variabl18variabletemperatur7variant6variat11variationsh7varieti6variou7various6varlei6vasilu7vasiluj4vasr2vd6vector6vehicl8veiociti5veloc14velocitycompon17velocitydistribut14velocityprofil4vent7venturi4venu7veociti5verfi4veri5verif6verifi5versa8versatil7version5versu15versuchsanstalt6vertex10vertexcent6vertic11verticaltak9vertregtm6vessel2vg2vi3via6vibrat9vibration9vibratori4vice5vicin6victor7vidalrj4view9viewpoint3vii4viii6vinson6violat7violent6violet7virtual6viscid10viscoelast6viscos19viscositytemperatur6viscou6visibl6vision6visual8visualis5vital3viz2vl6vlasov2vm8vodickav3vol5volta8volterra5volum8volumetr4volx3von11vondoenhoff7vonkarm6vortex6vortic5voyag2vs4vtol8vtolstol2vy2vz1w2wa4wadc6wagner3wah3wai5waist4wake7wakelik9waldmangd7walkden8walkdenf6walker8walkerhj7walkerr7walkerw4wall6wallac8wallacej9walleskfa5walsh7waltont5wancc6wangtk7wanlass8wanlassk4want11warburtongb4ward6wardjf5wardl7warhead6warmer4warn6warner8warnerwh4warp7warrant6warren4wash10washington11washingtonm10wassermanb10wassermann5water6watkin8watsonbc8watsonej7watsonj4wave9wavefront10wavelength9waveveloc4wavi3wax2wb2we4weak6weaken6weaker6weakli6weapon3web6weberj4wedg8wedgetyp9weertmanj10wegsteinjh7wehrend9wehrendwr11weierstrass5weigh6weight6weilha10weingarten12weingartenvi9weinstein10weinsteina6weissd7weissdc8weissing10weitbrecht9weitznerh4well13wellestablish9wellknown7wellswr9wempnerga3wen5wendt4wenk4were3wet2wg2wh6whalen8whalenrj6whatev5wheel6whenev6wherea7wherebi7wherein6wherev7whether7whichev5while6whilst5whirl7whisker10whitcombcf5white7whitegn9whitehead11whitfieldjd7whitham9whithamgb5whole5whose4wich6wickbh4wide5widen5wider10widespread5width7wightkc5wilbi7wilbypg5wilei8willettj5willi7william9williamsj10williamsjc11willmarthww6wilson8wilsonmr7wilsonr9wimbrowwr4wind12windenburgdf6window10windstream10windtunnel8windward4wing8wingbodi7winglik10wingpropel8wingtail7wingtip8wingwith9winklerel5winni9winstonmm6winter9winterscw4wire9wisblatth4wise12wisniewskirj7wissler8withdraw6within7without9withstand10wittcliffc7wittewg8wittliff9wittliffc8wittrick2wj3wkb2wl2wm2wo9woinowski9womerslei3won5wongt4wood7woodgat6woodgp7woodlei9woodleyjg7woodslc7woodsna9wooldridg7woollei8woolston10woolstondc4word4work6worker11workingsect9workmanjb5world6worsen5worst5worth6worthi9worthwhil8wortmana5would5woven2wp2wr6wraykl6wright6wrinkl5write6writer7written2wu4wuch3wxy7wyattpj1x5xenon4xiii2xy1y8yakurajk5yangk6yangkt5yaojc10yarymovych8yashuram9yasuharam4yate7yatesec6yatesj3yaw4year3yeh5yeild5yenkt6yenshe5yeram3yet5yield4yili2yk7yolerya4york10yoshiharah11yoshikawakk8yoshirah9yosinobuh5young7youngad4yuan6yuseff2yy1z6zakkai7zakkayv4zamm6zangew10zartariang7zbrozek7zehnder10zeisbergsl8zendergw4zero8zerolift6zeroth8zeydelef13zhukhovitskii13zienkiewiczhk4zier9zlotnickm4zone4zoom3zuk4zukw6zurich